# 1.3.3 实践篇

## 几种因为null的存在而需要注意的地方

<img width="443" alt="图片" src="https://user-images.githubusercontent.com/19871320/71650052-7319ef80-2d4e-11ea-8e98-9c3a1b02bddd.png">

### 比较谓词与null: 排中律不存在
**准备数据:**
```sql
create table students(
    name text not null,
    age int
);
insert into students(name, age)
        values('布朗', 22),
            ('拉里', 19),
            ('约翰', null),
            ('伯杰', 21);
/*
 name | age
------+-----
 布朗 |  22
 拉里 |  19
 约翰 |
 伯杰 |  21
*/
```
**用sql语句查找所有的数据:**
```sql
select *
    from students
where age = 21 or age <> 21;
/*
 name | age
------+-----
 布朗 |  22
 拉里 |  19
 伯杰 |  21
*/
```
😱我们发现并没有查到约翰;
因为null的存在,导致排中律在sql中并不存在

### 比较谓词与null: case表达式和null
使用下面的sql语句
```sql
select case col_1 when 1 then '√'
                when null then '×'
from ...
```
会发现永远不可能出现 "×", 因为上面的sql等价于
```sql
select case when col_1 = 1 then '√'
            when col_1 = null then '×'
from ...
       -->等价于<--
select case when col_1 = 1 then '√'
            when unknown then '×'
from ...
```
所以永远不可能执行

### not in 和not exist不是等价的

> 结论:
> 在sql中in与exists是等价的, 但是not in与not exists不是等价的

#### 准备数据:
```sql
create table class_a(
    name text not null,
    age int not null,
    city text not null
);
insert into class_a(name, age, city)
            values('布朗', 22, '东京'),
                   ('拉里', 19, '琦玉'),
                    ('伯杰', 21, '千叶');
/*
 name | age | city
------+-----+------
 布朗 |  22 | 东京
 拉里 |  19 | 琦玉
 伯杰 |  21 | 千叶
*/
create table class_b(
    name text not null,
    age int,
    city text not null
);
insert into class_b(name, age, city)
            values('齐藤', 22, '东京'),
                    ('田尻', 23, '东京'),
                    ('山田', null, '东京'),
                    ('和泉', 18, '千叶'),
                    ('武田', 20, '千叶'),
                    ('石川', 19, '神奈川');       
/*
 name | age |  city
------+-----+--------
 齐藤 |  22 | 东京
 田尻 |  23 | 东京
 山田 |     | 东京
 和泉 |  18 | 千叶
 武田 |  20 | 千叶
 石川 |  19 | 神奈川
*/        
```

### 背景问题:
从class_a中查找与class_b中住在东京但是年龄不同的学生

**使用谓词not in查找居然查不到!**
```sql
select *
    from class_a
where age not in (select age
                    from class_b
                where city = '东京');
/*
 name | age | city
------+-----+------
(0 rows)
*/
```
**使用not exists却可以查到:**
```postgresql
select *
    from class_a
where not exists (select *
                    from class_b
                where city = '东京'
                    and class_a.age = class_b.age);
/*
 name | age | city
------+-----+------
 拉里 |  19 | 琦玉
 伯杰 |  21 | 千叶
*/
```

### 为何会存在上述问题:
> 全都是null的锅

#### 上述not in等价于:
```sql
select *
    from class_a
where age not in (select age
                    from class_b
                where city = '东京');
         -->等价于<--
select *
    from class_a
where age not in (22, 23, null);
         -->等价于<--
select *
    from class_a
where not((age = 22)
        or (age = 23)
        or (age = null));
        -->等价于🤔(为啥)<--
select *
    from class_a
where not(age = 22)
        and not(age = 23)
        and not(age = null);
        -->等价于<--
select *
    from class_a
where ((age <> 22)
        and (age <> 23)
        and (age <> null));
        -->等价于<--
select *
    from class_a
where (age <> 22)
        and (age <> 23)
        and unknown;
        -->等价于<--
select *
    from class_a
where unknown;

-- 难怪最终得不到任何值😱
```

#### not exists处理null的方式:
```sql
select *
    from class_a
where not exists (select *
                    from class_b
                where city = '东京'
                    and class_a.age = class_b.age);
        -->等价于<--
select *
    from class_a
where not exists (select *
                    from class_b
                where city = '东京'
                    and class_a.age = null);
        -->等价于<--
select *
    from class_a
where not exist (select *
                    from class_b
                where city = '东京'
                    and unknown);
        -->等价于<--
select *
    from class_a
where not exist (select *
                    from class_b
                where unknown);
        -->等价于<--
select *
    from class_a
where not false;
        -->等价于<--
select *
    from class_a
where true;
```

### 限定谓词和NULL

#### 限定谓词ANY与ALL作用

**any:**
> Use the ANY operator in a WHERE clause to compare a value with any of the values in a list.
> You must place an =, <>, <, >, <=, or >= operator before ANY.

```sql
SELECT *
  FROM employee
  -- WHERE salary > ANY (2000, 3000, 4000); 这样写会报错 因为any后面要跟一个数组, 但是这个不是数组
WHERE salary > ANY values((2000), (3000), (4000));
```
**all:**
> Use the IN operator in a WHERE clause to compare a value with any of the values in a list.
> You must place an =, <>, <, >, <=, or >= operator before ALL.

```sql
SELECT *
  FROM employee
-- WHERE salary > ALL (2000, 3000, 4000) 这样写会报错 因为any后面要跟一个数组, 但是这个不是数组
WHERE salary > ALL values((2000), (3000), (4000));
```

#### 限定谓词ANY与ALL vs IN:

* IN 等价于 = ANy
* NOT IN 等价于 <> ALL

#### ALL 与 NULL 引发的问题:

**背景问题:**
从class_a中找出所有年龄比class_b中在东京居住的小的学生
```textmate
class_a
 name | age | city
------+-----+------
 布朗 |  22 | 东京
 拉里 |  19 | 琦玉
 伯杰 |  21 | 千叶

class_b
 name | age |  city
------+-----+--------
 齐藤 |  22 | 东京
 田尻 |  23 | 东京
 山田 |     | 东京
 和泉 |  18 | 千叶
 武田 |  20 | 千叶
 石川 |  19 | 神奈川
```
当使用如下sql语句:
```sql
select *
    from class_a
where age < all(select age
                    from class_b
                where city = '东京');
/*
 name | age | city
------+-----+------
(0 rows)
*/
```😱

**为啥啥都查不到?**
> null的锅!
因为all就是and的语法糖,
所以在all的处理null的时候等价于:
```sql
select ****
from ***
where true and false and unknown;
```
等价于
```sql
select ***
from ***
where unknown;
```

### 限定谓词与极致函数是不等价的

**极致函数(max或者min)会过滤掉null**
```sql
select *
    from class_a
where age < all(select age
                    from class_b
                where city = '东京');
/*
 name | age | city
------+-----+------
(0 rows)
*/

select * from class_a
where age < (select min(age) from class_b where city = '东京');
 name | age | city
/*
------+-----+------
 拉里 |  19 | 琦玉
 伯杰 |  21 | 千叶
(2 rows)
*/
```

**在查询不到任何列时, 极致函数max或min会返回null:**

```sql
select *
    from class_a
where age < all (select age
                    from class_b
                where city <> '东京'
                    and city = '东京');
/*
 name | age | city
------+-----+------
 布朗 |  22 | 东京
 拉里 |  19 | 琦玉
 伯杰 |  21 | 千叶
(3 rows)
*/
select *
    from class_a
where age < (select max(age)
                from class_b
            where city <> '东京'
                and city = '东京');
/*
 name | age | city
------+-----+------
(0 rows)
*/
```

### 聚合函数与NULL
> 聚合函数中除了count, 其他的输入空集都会返回null
```sql
select *
    from class_a
where age < (select avg(age)
                from class_b
            where false);
/*
 name | age | city
------+-----+------
(0 rows)
*/
```
