# 1.4.3 用HAVING子句进行自连接--求中位数

## 背景问题:

**准备数据:**
```sql
create table graduates(
    name varchar(50),
    income float
);
insert into graduates(name, income)
        values('桑普森', 40000),
               ('迈克', 30000),
                ('怀特', 20000),
                ('阿诺德', 20000),
                ('史密斯', 20000),
                ('劳思伦', 15000),
                ('哈德逊', 15000),
                ('肯特', 10000),
                ('贝克', 10000),
                ('斯科特', 10000);
/*
  name  | income
--------+--------
 桑普森 |  40000
 迈克   |  30000
 怀特   |  20000
 阿诺德 |  20000
 史密斯 |  20000
 劳思伦 |  15000
 哈德逊 |  15000
 肯特   |  10000
 贝克   |  10000
 斯科特 |  10000
*/
```

**问题:**
查找上述表格中工资的中位数, 也就是按降序排序工资出现在中间的一个.

## 解法:

**思路:**

> 将一个集合按大小顺序, 分成上半部分和下半部分两个子集, 然后取这两个子集的交集

<img width="412" alt="图片" src="https://user-images.githubusercontent.com/19871320/71724386-1f50f880-2e6b-11ea-8dcc-7dd65490fed9.png">

```sql
select avg(distinct income)
    from (select t1.income
            from graduates as t1, graduates as t2
        group by t1.income
        -- s1 的条件
        having sum(case when t2.income >= t1.income then 1 else 0 end)
            >= count(*) / 2
        -- s1 的条件
            and sum(case when t2.income <= t1.income then 1 else 0 end)
                >= count(*) / 2) as TMP;
/*
  avg
-------
 17500
(1 row)
*/
```

**解释:**
> 假设有2n个数, 从小到大依次排列
>* 那么第1个到第n+1个均可以从2n个数中找出>=2n/2个数比它大;
>* 那么从第n个数到第2n个数, 均可以找出<= 2n/2个数比它小;
>用sql表示就是:
```sql
select t1.income
             from graduates as t1, graduates as t2
         group by t1.income
         -- s1 的条件
         having sum(case when t2.income >= t1.income then 1 else 0 end)
             >= count(*) / 2;
```

> 假设有2n+1个数, 从小到大依次排列
>* 那么从第1个数到第n+1个均可以从2n+1个数中找出>=2n+1/2个数比它大;
>* 那么从第n+1个数到第2n个数, 均可以找出<= 2n+1/2个数比它小;
>用sql表示就是:
```sql
select t1.income
              from graduates as t1, graduates as t2
          group by t1.income
          -- s1 的条件
          having sum(case when t2.income <= t1.income then 1 else 0 end)
              >= count(*) / 2;
```

所以要取两个自己的交集就是:

```sql
select avg(distinct income)
    from (select t1.income
            from graduates as t1, graduates as t2
        group by t1.income
        -- s1 的条件
        having sum(case when t2.income >= t1.income then 1 else 0 end)
            >= count(*) / 2
        -- s1 的条件
            and sum(case when t2.income <= t1.income then 1 else 0 end)
                >= count(*) / 2) as TMP;
/*
  avg
-------
 17500
(1 row)
*/
```




