# 1.5.4 作为乘法运算的连接

## 问题:

### 准备数据:
```sql
create table items2(
    item_no int not null unique,
    item varchar(100) not null unique 
);
insert into items2(item_no, item)
            values(10, 'FD'),
                    (20, 'CD-R'),
                    (30, 'MO'),
                    (40, 'DVD');
/*
 item_no | item
---------+------
      10 | FD
      20 | CD-R
      30 | MO
      40 | DVD
(4 rows)
*/

create table sales_history(
    sale_date date not null,
    item_no int not null,
    quantity int not null 
);
insert into sales_history(sale_date, item_no, quantity)
            values('2017-10-01', 10, 4),
                    ('2017-10-01', 20, 10),
                    ('2017-10-01', 30, 3),
                    ('2017-10-03', 10, 32),
                    ('2017-10-03', 30, 12),
                    ('2017-10-04', 20, 22),
                    ('2017-10-04', 30, 7);
/*
 sale_date  | item_no | quantity
------------+---------+----------
 2017-10-01 |      10 |        4
 2017-10-01 |      20 |       10
 2017-10-01 |      30 |        3
 2017-10-03 |      10 |       32
 2017-10-03 |      30 |       12
 2017-10-04 |      20 |       22
 2017-10-04 |      30 |        7
(7 rows)
*/
```

### 问题:
统计每个商品销售的总量, 生成如下表格
```textmate
 item_no | sum
---------+-----
      10 |  36
      20 |  32
      30 |  22
      40 |
(4 rows)
```

## 解法:

### 解法一(先生成一个视图在进行外连接):
```sql
select i.item_no, sh.quantity
    from (select sales_history.item_no, sum(quantity) quantity
            from sales_history
          group by  sales_history.item_no) sh
        right outer join items2 i
            on i.item_no = sh.item_no
order by i.item_no;
/*
 item_no | quantity
---------+----------
      10 |       36
      20 |       32
      30 |       22
      40 |
(4 rows)
*/
```
💀这样写虽然可以完成统计, 但是因为中间生成了一个视图, 而生成视图就要占用内存, 这样不够好, 需要优化;

### 解法二(先外连接再分组计算数量, 避免视图的生成):
```sql
select i.item_no, sum(sh.quantity) quantity
    from items2 i
        left outer join sales_history sh
            on i.item_no = sh.item_no
group by i.item_no
order by i.item_no;
/*
 item_no | quantity
---------+----------
      10 |       36
      20 |       32
      30 |       22
      40 |
(4 rows)
*/
```
注意: 这里因为items2表中的item_no是唯一的, 所以不会因为笛卡尔积导致总数算错, 因为1*n=n;
若是items2中的item_no不是惟一的就要做额外的考虑了;
