# 1.5.2 用外连接进行列转行--汇总重复列于一行

## 问题:

### 准备数据:
```sql
create table personnel(
    employee varchar(100), -- 员工
    child_1 varchar(100), -- 孩子一
    child_2 varchar(100), -- 孩子二
    child_3 varchar(100) -- 孩子3
);
insert into personnel (employee, child_1, child_2, child_3)
        values('赤井', '一郎', '二郎', '三郎'),
            ('工藤', '春子', '夏子', null),
            ('铃木', '夏子', null, null),
            ('吉田', null, null, null);
/*
 employee | child_1 | child_2 | child_3
----------+---------+---------+---------
 赤井     | 一郎    | 二郎    | 三郎
 工藤     | 春子    | 夏子    |
 铃木     | 夏子    |         |
 吉田     |         |         |
(4 rows)
*/
```

### 问题:
将上述行数据改为列数据
```
 employee | child
----------+-------
 赤井     | 二郎
 赤井     | 三郎
 赤井     | 一郎
 工藤     | 春子
 工藤     | 夏子
 铃木     | 夏子
 吉田     |
(7 rows)
```

## 解法:

### 解法一(解法有问题):
> 使用union all虽然可以进行列转行, 但是最终会转出多个为null的行;
> 即使是使用union也会有问题, 因为可能会导致有的员工有孩子,但是却会转出一个有孩子为null的行

```sql
select employee, child_1 as child from personnel
union all
select employee, child_2 as child from personnel
union all
select employee, child_3 as child from personnel
order by employee;

/*
employee | child
----------+-------
 吉田     |
 吉田     |
 吉田     |
 工藤     |
 工藤     | 春子
 工藤     | 夏子
 赤井     | 一郎
 赤井     | 二郎
 赤井     | 三郎
 铃木     |
 铃木     |
 铃木     | 夏子
*/
select employee, child_1 as child from personnel
union
select employee, child_2 as child from personnel
union
select employee, child_3 as child from personnel
order by employee;
/*
 employee | child
----------+-------
 吉田     |
 工藤     |
 工藤     | 春子
 工藤     | 夏子
 赤井     | 二郎
 赤井     | 三郎
 赤井     | 一郎
 铃木     | 夏子
 铃木     |
(9 rows)
*/
```

### 解法二:
```sql
create view childs(child)
as select child_1 from personnel
    union
   select child_2 from personnel
    union
   select child_3 from personnel;

select personnel.employee, childs.child
    from personnel
        left outer join childs
            on childs.child in (personnel.child_1, personnel.child_2, personnel.child_3);
/*
 employee | child
----------+-------
 赤井     | 二郎
 赤井     | 三郎
 赤井     | 一郎
 工藤     | 春子
 工藤     | 夏子
 铃木     | 夏子
 吉田     |
(7 rows)
*/
drop view childs
```

