# 1.6.3 时间轴有间断时, 和过去最邻近的时间比较

## 准备数据:
```sql
create table sales2 (
    year int not null,
    sale int not null
);
insert into sales2(year, sale)
            values(1990, 50),
                    (1992, 52),
                    (1993, 52),
                    (1994, 55),
                    (1997, 55);
/*
 year | sale
------+------
 1990 |   50
 1992 |   52
 1993 |   52
 1994 |   55
 1997 |   55
(5 rows)
*/
```

## 问题:
上面的数据缺少了1991/1995和1996的, 我们再想像前面一样比较上一年的就不可能了, 所以现在改成比较过去最近一年的数据.
得到如下输出:
```textmate
```

## 解法:

### 解法一(使用外(内)连接+极值函数MAX):
```sql
select s1.year, s1.sale
    from sales2 s1
        left outer join sales2 s2
            on s2.year < s1.year
                and s2.year = (select max(year)
                                    from sales2 s3
                                where s3.year < s1.year)
where s1.sale = s2.sale
order by s1.year;

-- 或者
select s1.year, s1.sale
    from sales2 s1, sales2 s2
where s1.sale = s2.sale
    and s2.year = (select max(year)
                      from sales2 s3
                    where s3.year < s1.year);

/*
 year | sale
------+------
 1993 |   52
 1997 |   55
(2 rows)
*/
```

### 解法二(使用外(内)连接+限定谓词EXISTS):
```sql
select s1.year, s1.sale
    from sales2 s1
        left outer join sales2 s2
            on s2.year < s1.year
                and not exists (select *
                                    from sales2 s3
                                where s3.year < s1.year
                                    and s3.year > s2.year)
where s1.sale = s2.sale
order by s1.year;

-- 或者
select s1.year, s1.sale
    from sales2 s1, sales2 s2
where s1.sale = s2.sale
    and s1.year > s2.year
    and not exists (select *
                        from sales2 s3
                    where s3.year < s1.year
                        and s3.year > s2.year);
/*
 year | sale
------+------
 1993 |   52
 1997 |   55
(2 rows)
*/
```

### 使用关联子查询:
```sql
select s1.year, s1.sale
    from sales2 s1
where s1.sale = (select s2.sale
                    from sales2 s2
                where s2.year = (select max(s3.year)
                                    from sales2 s3
                                where s3.year < s1.year));
/*
 year | sale
------+------
 1993 |   52
 1997 |   55
(2 rows)
*/
-- 或者
select s1.year, s1.sale
    from sales2 s1
where exists (select *
                from sales s2
             where s2.year = (select max(s3.year)
                                from sales2 s3
                            where s3.year < s1.year)
                and s2.sale = s1.sale);
/*
 year | sale
------+------
 1993 |   52
(1 row)
*/
-- 🤔这个为什么是错的呢?
```



